{"Version":1,"ManifestType":"Publish","Endpoints":[{"Route":"Minimes.Web.styles.css","AssetFile":"Minimes.Web.styles.css","Selectors":[],"ResponseHeaders":[{"Name":"Cache-Control","Value":"no-cache"},{"Name":"Content-Length","Value":"2803"},{"Name":"Content-Type","Value":"text/css"},{"Name":"ETag","Value":"\"ifBoSzjUhAUHWVzmCXg80oD9g265AuFRIrLxzO+0UnQ=\""},{"Name":"Last-Modified","Value":"Thu, 15 Jan 2026 08:39:14 GMT"}],"EndpointProperties":[{"Name":"integrity","Value":"sha256-ifBoSzjUhAUHWVzmCXg80oD9g265AuFRIrLxzO+0UnQ="}]},{"Route":"Minimes.Web.tbyzsz1lvh.styles.css","AssetFile":"Minimes.Web.styles.css","Selectors":[],"ResponseHeaders":[{"Name":"Cache-Control","Value":"max-age=31536000, immutable"},{"Name":"Content-Length","Value":"2803"},{"Name":"Content-Type","Value":"text/css"},{"Name":"ETag","Value":"\"ifBoSzjUhAUHWVzmCXg80oD9g265AuFRIrLxzO+0UnQ=\""},{"Name":"Last-Modified","Value":"Thu, 15 Jan 2026 08:39:14 GMT"}],"EndpointProperties":[{"Name":"fingerprint","Value":"tbyzsz1lvh"},{"Name":"integrity","Value":"sha256-ifBoSzjUhAUHWVzmCXg80oD9g265AuFRIrLxzO+0UnQ="},{"Name":"label","Value":"Minimes.Web.styles.css"}]},{"Route":"css/bootstrap/bootstrap.min.bpk8xqwxhs.css","AssetFile":"css/bootstrap/bootstrap.min.css","Selectors":[],"ResponseHeaders":[{"Name":"Cache-Control","Value":"max-age=31536000, immutable"},{"Name":"Content-Length","Value":"162720"},{"Name":"Content-Type","Value":"text/css"},{"Name":"ETag","Value":"\"z8OR40MowJ8GgK6P89Y+hiJK5+cclzFHzLhFQLL92bg=\""},{"Name":"Last-Modified","Value":"Tue, 06 Jan 2026 05:52:05 GMT"}],"EndpointProperties":[{"Name":"fingerprint","Value":"bpk8xqwxhs"},{"Name":"integrity","Value":"sha256-z8OR40MowJ8GgK6P89Y+hiJK5+cclzFHzLhFQLL92bg="},{"Name":"label","Value":"css/bootstrap/bootstrap.min.css"}]},{"Route":"css/bootstrap/bootstrap.min.css","AssetFile":"css/bootstrap/bootstrap.min.css","Selectors":[],"ResponseHeaders":[{"Name":"Cache-Control","Value":"no-cache"},{"Name":"Content-Length","Value":"162720"},{"Name":"Content-Type","Value":"text/css"},{"Name":"ETag","Value":"\"z8OR40MowJ8GgK6P89Y+hiJK5+cclzFHzLhFQLL92bg=\""},{"Name":"Last-Modified","Value":"Tue, 06 Jan 2026 05:52:05 GMT"}],"EndpointProperties":[{"Name":"integrity","Value":"sha256-z8OR40MowJ8GgK6P89Y+hiJK5+cclzFHzLhFQLL92bg="}]},{"Route":"css/bootstrap/bootstrap.min.css.8inm30yfxf.map","AssetFile":"css/bootstrap/bootstrap.min.css.map","Selectors":[],"ResponseHeaders":[{"Name":"Cache-Control","Value":"max-age=31536000, immutable"},{"Name":"Content-Length","Value":"449111"},{"Name":"Content-Type","Value":"text/plain"},{"Name":"ETag","Value":"\"gBwg2tmA0Ci2u54gMF1jNCVku6vznarkLS6D76htNNQ=\""},{"Name":"Last-Modified","Value":"Tue, 06 Jan 2026 05:52:05 GMT"}],"EndpointProperties":[{"Name":"fingerprint","Value":"8inm30yfxf"},{"Name":"integrity","Value":"sha256-gBwg2tmA0Ci2u54gMF1jNCVku6vznarkLS6D76htNNQ="},{"Name":"label","Value":"css/bootstrap/bootstrap.min.css.map"}]},{"Route":"css/bootstrap/bootstrap.min.css.map","AssetFile":"css/bootstrap/bootstrap.min.css.map","Selectors":[],"ResponseHeaders":[{"Name":"Cache-Control","Value":"no-cache"},{"Name":"Content-Length","Value":"449111"},{"Name":"Content-Type","Value":"text/plain"},{"Name":"ETag","Value":"\"gBwg2tmA0Ci2u54gMF1jNCVku6vznarkLS6D76htNNQ=\""},{"Name":"Last-Modified","Value":"Tue, 06 Jan 2026 05:52:05 GMT"}],"EndpointProperties":[{"Name":"integrity","Value":"sha256-gBwg2tmA0Ci2u54gMF1jNCVku6vznarkLS6D76htNNQ="}]},{"Route":"css/open-iconic/FONT-LICENSE","AssetFile":"css/open-iconic/FONT-LICENSE","Selectors":[],"ResponseHeaders":[{"Name":"Cache-Control","Value":"no-cache"},{"Name":"Content-Length","Value":"4103"},{"Name":"Content-Type","Value":"application/octet-stream"},{"Name":"ETag","Value":"\"jA4J4h/k76zVxbFKEaWwFKJccmO0voOQ1DbUW+5YNlI=\""},{"Name":"Last-Modified","Value":"Tue, 06 Jan 2026 05:52:05 GMT"}],"EndpointProperties":[{"Name":"integrity","Value":"sha256-jA4J4h/k76zVxbFKEaWwFKJccmO0voOQ1DbUW+5YNlI="}]},{"Route":"css/open-iconic/FONT-LICENSE.48tmkg660f","AssetFile":"css/open-iconic/FONT-LICENSE","Selectors":[],"ResponseHeaders":[{"Name":"Cache-Control","Value":"max-age=31536000, immutable"},{"Name":"Content-Length","Value":"4103"},{"Name":"Content-Type","Value":"application/octet-stream"},{"Name":"ETag","Value":"\"jA4J4h/k76zVxbFKEaWwFKJccmO0voOQ1DbUW+5YNlI=\""},{"Name":"Last-Modified","Value":"Tue, 06 Jan 2026 05:52:05 GMT"}],"EndpointProperties":[{"Name":"fingerprint","Value":"48tmkg660f"},{"Name":"integrity","Value":"sha256-jA4J4h/k76zVxbFKEaWwFKJccmO0voOQ1DbUW+5YNlI="},{"Name":"label","Value":"css/open-iconic/FONT-LICENSE"}]},{"Route":"css/open-iconic/ICON-LICENSE","AssetFile":"css/open-iconic/ICON-LICENSE","Selectors":[],"ResponseHeaders":[{"Name":"Cache-Control","Value":"no-cache"},{"Name":"Content-Length","Value":"1093"},{"Name":"Content-Type","Value":"application/octet-stream"},{"Name":"ETag","Value":"\"aF5g/izareSj02F3MPSoTGNbcMBl9nmZKDe04zjU/ss=\""},{"Name":"Last-Modified","Value":"Tue, 06 Jan 2026 05:52:05 GMT"}],"EndpointProperties":[{"Name":"integrity","Value":"sha256-aF5g/izareSj02F3MPSoTGNbcMBl9nmZKDe04zjU/ss="}]},{"Route":"css/open-iconic/ICON-LICENSE.4dwjve0o0b","AssetFile":"css/open-iconic/ICON-LICENSE","Selectors":[],"ResponseHeaders":[{"Name":"Cache-Control","Value":"max-age=31536000, immutable"},{"Name":"Content-Length","Value":"1093"},{"Name":"Content-Type","Value":"application/octet-stream"},{"Name":"ETag","Value":"\"aF5g/izareSj02F3MPSoTGNbcMBl9nmZKDe04zjU/ss=\""},{"Name":"Last-Modified","Value":"Tue, 06 Jan 2026 05:52:05 GMT"}],"EndpointProperties":[{"Name":"fingerprint","Value":"4dwjve0o0b"},{"Name":"integrity","Value":"sha256-aF5g/izareSj02F3MPSoTGNbcMBl9nmZKDe04zjU/ss="},{"Name":"label","Value":"css/open-iconic/ICON-LICENSE"}]},{"Route":"css/open-iconic/README.8h4oiah9s0.md","AssetFile":"css/open-iconic/README.md","Selectors":[],"ResponseHeaders":[{"Name":"Cache-Control","Value":"max-age=31536000, immutable"},{"Name":"Content-Length","Value":"3658"},{"Name":"Content-Type","Value":"text/markdown"},{"Name":"ETag","Value":"\"rDb1fXbrDo8/dpt6Gi3UAobONVQv/lE2bB7lGwRQ0jM=\""},{"Name":"Last-Modified","Value":"Tue, 06 Jan 2026 05:52:05 GMT"}],"EndpointProperties":[{"Name":"fingerprint","Value":"8h4oiah9s0"},{"Name":"integrity","Value":"sha256-rDb1fXbrDo8/dpt6Gi3UAobONVQv/lE2bB7lGwRQ0jM="},{"Name":"label","Value":"css/open-iconic/README.md"}]},{"Route":"css/open-iconic/README.md","AssetFile":"css/open-iconic/README.md","Selectors":[],"ResponseHeaders":[{"Name":"Cache-Control","Value":"no-cache"},{"Name":"Content-Length","Value":"3658"},{"Name":"Content-Type","Value":"text/markdown"},{"Name":"ETag","Value":"\"rDb1fXbrDo8/dpt6Gi3UAobONVQv/lE2bB7lGwRQ0jM=\""},{"Name":"Last-Modified","Value":"Tue, 06 Jan 2026 05:52:05 GMT"}],"EndpointProperties":[{"Name":"integrity","Value":"sha256-rDb1fXbrDo8/dpt6Gi3UAobONVQv/lE2bB7lGwRQ0jM="}]},{"Route":"css/open-iconic/font/css/open-iconic-bootstrap.min.cmapd0fi15.css","AssetFile":"css/open-iconic/font/css/open-iconic-bootstrap.min.css","Selectors":[],"ResponseHeaders":[{"Name":"Cache-Control","Value":"max-age=31536000, immutable"},{"Name":"Content-Length","Value":"9395"},{"Name":"Content-Type","Value":"text/css"},{"Name":"ETag","Value":"\"BJ/G+e+y7bQdrYkS2RBTyNfBHpA9IuGaPmf9htub5MQ=\""},{"Name":"Last-Modified","Value":"Tue, 06 Jan 2026 05:52:05 GMT"}],"EndpointProperties":[{"Name":"fingerprint","Value":"cmapd0fi15"},{"Name":"integrity","Value":"sha256-BJ/G+e+y7bQdrYkS2RBTyNfBHpA9IuGaPmf9htub5MQ="},{"Name":"label","Value":"css/open-iconic/font/css/open-iconic-bootstrap.min.css"}]},{"Route":"css/open-iconic/font/css/open-iconic-bootstrap.min.css","AssetFile":"css/open-iconic/font/css/open-iconic-bootstrap.min.css","Selectors":[],"ResponseHeaders":[{"Name":"Cache-Control","Value":"no-cache"},{"Name":"Content-Length","Value":"9395"},{"Name":"Content-Type","Value":"text/css"},{"Name":"ETag","Value":"\"BJ/G+e+y7bQdrYkS2RBTyNfBHpA9IuGaPmf9htub5MQ=\""},{"Name":"Last-Modified","Value":"Tue, 06 Jan 2026 05:52:05 GMT"}],"EndpointProperties":[{"Name":"integrity","Value":"sha256-BJ/G+e+y7bQdrYkS2RBTyNfBHpA9IuGaPmf9htub5MQ="}]},{"Route":"css/open-iconic/font/fonts/open-iconic.0uw8dim9nl.eot","AssetFile":"css/open-iconic/font/fonts/open-iconic.eot","Selectors":[],"ResponseHeaders":[{"Name":"Cache-Control","Value":"max-age=31536000, immutable"},{"Name":"Content-Length","Value":"28196"},{"Name":"Content-Type","Value":"application/vnd.ms-fontobject"},{"Name":"ETag","Value":"\"OK3poGPgzKI2NzNgP07XMbJa3Dz6USoUh/chSkSvQpc=\""},{"Name":"Last-Modified","Value":"Tue, 06 Jan 2026 05:52:05 GMT"}],"EndpointProperties":[{"Name":"fingerprint","Value":"0uw8dim9nl"},{"Name":"integrity","Value":"sha256-OK3poGPgzKI2NzNgP07XMbJa3Dz6USoUh/chSkSvQpc="},{"Name":"label","Value":"css/open-iconic/font/fonts/open-iconic.eot"}]},{"Route":"css/open-iconic/font/fonts/open-iconic.eot","AssetFile":"css/open-iconic/font/fonts/open-iconic.eot","Selectors":[],"ResponseHeaders":[{"Name":"Cache-Control","Value":"no-cache"},{"Name":"Content-Length","Value":"28196"},{"Name":"Content-Type","Value":"application/vnd.ms-fontobject"},{"Name":"ETag","Value":"\"OK3poGPgzKI2NzNgP07XMbJa3Dz6USoUh/chSkSvQpc=\""},{"Name":"Last-Modified","Value":"Tue, 06 Jan 2026 05:52:05 GMT"}],"EndpointProperties":[{"Name":"integrity","Value":"sha256-OK3poGPgzKI2NzNgP07XMbJa3Dz6USoUh/chSkSvQpc="}]},{"Route":"css/open-iconic/font/fonts/open-iconic.h4d0pazwgy.woff","AssetFile":"css/open-iconic/font/fonts/open-iconic.woff","Selectors":[],"ResponseHeaders":[{"Name":"Cache-Control","Value":"max-age=31536000, immutable"},{"Name":"Content-Length","Value":"14984"},{"Name":"Content-Type","Value":"application/font-woff"},{"Name":"ETag","Value":"\"cZPqVlRJfSNW0KaQ4+UPOXZ/v/QzXlejRDwUNdZIofI=\""},{"Name":"Last-Modified","Value":"Tue, 06 Jan 2026 05:52:05 GMT"}],"EndpointProperties":[{"Name":"fingerprint","Value":"h4d0pazwgy"},{"Name":"integrity","Value":"sha256-cZPqVlRJfSNW0KaQ4+UPOXZ/v/QzXlejRDwUNdZIofI="},{"Name":"label","Value":"css/open-iconic/font/fonts/open-iconic.woff"}]},{"Route":"css/open-iconic/font/fonts/open-iconic.ll5grcv8wv.ttf","AssetFile":"css/open-iconic/font/fonts/open-iconic.ttf","Selectors":[],"ResponseHeaders":[{"Name":"Cache-Control","Value":"max-age=31536000, immutable"},{"Name":"Content-Length","Value":"28028"},{"Name":"Content-Type","Value":"application/x-font-ttf"},{"Name":"ETag","Value":"\"p+RP8CV3vRK1YbIkNzq3rPo1jyETPnR07ULb+HVYL8w=\""},{"Name":"Last-Modified","Value":"Tue, 06 Jan 2026 05:52:05 GMT"}],"EndpointProperties":[{"Name":"fingerprint","Value":"ll5grcv8wv"},{"Name":"integrity","Value":"sha256-p+RP8CV3vRK1YbIkNzq3rPo1jyETPnR07ULb+HVYL8w="},{"Name":"label","Value":"css/open-iconic/font/fonts/open-iconic.ttf"}]},{"Route":"css/open-iconic/font/fonts/open-iconic.otf","AssetFile":"css/open-iconic/font/fonts/open-iconic.otf","Selectors":[],"ResponseHeaders":[{"Name":"Cache-Control","Value":"max-age=3600, must-revalidate"},{"Name":"Content-Length","Value":"20996"},{"Name":"Content-Type","Value":"font/otf"},{"Name":"ETag","Value":"\"sDUtuZAEzWZyv/U1xl/9D3ehyU69JE+FvAcu5HQ+/a0=\""},{"Name":"Last-Modified","Value":"Tue, 06 Jan 2026 05:52:05 GMT"}],"EndpointProperties":[{"Name":"integrity","Value":"sha256-sDUtuZAEzWZyv/U1xl/9D3ehyU69JE+FvAcu5HQ+/a0="}]},{"Route":"css/open-iconic/font/fonts/open-iconic.sjnzgf7e1h.svg","AssetFile":"css/open-iconic/font/fonts/open-iconic.svg","Selectors":[],"ResponseHeaders":[{"Name":"Cache-Control","Value":"max-age=31536000, immutable"},{"Name":"Content-Length","Value":"55332"},{"Name":"Content-Type","Value":"image/svg+xml"},{"Name":"ETag","Value":"\"+P1oQ5jPzOVJGC52E1oxGXIXxxCyMlqy6A9cNxGYzVk=\""},{"Name":"Last-Modified","Value":"Tue, 06 Jan 2026 05:52:05 GMT"}],"EndpointProperties":[{"Name":"fingerprint","Value":"sjnzgf7e1h"},{"Name":"integrity","Value":"sha256-+P1oQ5jPzOVJGC52E1oxGXIXxxCyMlqy6A9cNxGYzVk="},{"Name":"label","Value":"css/open-iconic/font/fonts/open-iconic.svg"}]},{"Route":"css/open-iconic/font/fonts/open-iconic.svg","AssetFile":"css/open-iconic/font/fonts/open-iconic.svg","Selectors":[],"ResponseHeaders":[{"Name":"Cache-Control","Value":"max-age=3600, must-revalidate"},{"Name":"Content-Length","Value":"55332"},{"Name":"Content-Type","Value":"image/svg+xml"},{"Name":"ETag","Value":"\"+P1oQ5jPzOVJGC52E1oxGXIXxxCyMlqy6A9cNxGYzVk=\""},{"Name":"Last-Modified","Value":"Tue, 06 Jan 2026 05:52:05 GMT"}],"EndpointProperties":[{"Name":"integrity","Value":"sha256-+P1oQ5jPzOVJGC52E1oxGXIXxxCyMlqy6A9cNxGYzVk="}]},{"Route":"css/open-iconic/font/fonts/open-iconic.ttf","AssetFile":"css/open-iconic/font/fonts/open-iconic.ttf","Selectors":[],"ResponseHeaders":[{"Name":"Cache-Control","Value":"no-cache"},{"Name":"Content-Length","Value":"28028"},{"Name":"Content-Type","Value":"application/x-font-ttf"},{"Name":"ETag","Value":"\"p+RP8CV3vRK1YbIkNzq3rPo1jyETPnR07ULb+HVYL8w=\""},{"Name":"Last-Modified","Value":"Tue, 06 Jan 2026 05:52:05 GMT"}],"EndpointProperties":[{"Name":"integrity","Value":"sha256-p+RP8CV3vRK1YbIkNzq3rPo1jyETPnR07ULb+HVYL8w="}]},{"Route":"css/open-iconic/font/fonts/open-iconic.wk8x8xm0ah.otf","AssetFile":"css/open-iconic/font/fonts/open-iconic.otf","Selectors":[],"ResponseHeaders":[{"Name":"Cache-Control","Value":"max-age=31536000, immutable"},{"Name":"Content-Length","Value":"20996"},{"Name":"Content-Type","Value":"font/otf"},{"Name":"ETag","Value":"\"sDUtuZAEzWZyv/U1xl/9D3ehyU69JE+FvAcu5HQ+/a0=\""},{"Name":"Last-Modified","Value":"Tue, 06 Jan 2026 05:52:05 GMT"}],"EndpointProperties":[{"Name":"fingerprint","Value":"wk8x8xm0ah"},{"Name":"integrity","Value":"sha256-sDUtuZAEzWZyv/U1xl/9D3ehyU69JE+FvAcu5HQ+/a0="},{"Name":"label","Value":"css/open-iconic/font/fonts/open-iconic.otf"}]},{"Route":"css/open-iconic/font/fonts/open-iconic.woff","AssetFile":"css/open-iconic/font/fonts/open-iconic.woff","Selectors":[],"ResponseHeaders":[{"Name":"Cache-Control","Value":"no-cache"},{"Name":"Content-Length","Value":"14984"},{"Name":"Content-Type","Value":"application/font-woff"},{"Name":"ETag","Value":"\"cZPqVlRJfSNW0KaQ4+UPOXZ/v/QzXlejRDwUNdZIofI=\""},{"Name":"Last-Modified","Value":"Tue, 06 Jan 2026 05:52:05 GMT"}],"EndpointProperties":[{"Name":"integrity","Value":"sha256-cZPqVlRJfSNW0KaQ4+UPOXZ/v/QzXlejRDwUNdZIofI="}]},{"Route":"css/site.css","AssetFile":"css/site.css","Selectors":[],"ResponseHeaders":[{"Name":"Cache-Control","Value":"no-cache"},{"Name":"Content-Length","Value":"3548"},{"Name":"Content-Type","Value":"text/css"},{"Name":"ETag","Value":"\"p3Xu8UU8t2NEysL/7+IE4G1QGgcDDF6fBjFhiveeIus=\""},{"Name":"Last-Modified","Value":"Tue, 13 Jan 2026 07:12:12 GMT"}],"EndpointProperties":[{"Name":"integrity","Value":"sha256-p3Xu8UU8t2NEysL/7+IE4G1QGgcDDF6fBjFhiveeIus="}]},{"Route":"css/site.rboezg8h2r.css","AssetFile":"css/site.css","Selectors":[],"ResponseHeaders":[{"Name":"Cache-Control","Value":"max-age=31536000, immutable"},{"Name":"Content-Length","Value":"3548"},{"Name":"Content-Type","Value":"text/css"},{"Name":"ETag","Value":"\"p3Xu8UU8t2NEysL/7+IE4G1QGgcDDF6fBjFhiveeIus=\""},{"Name":"Last-Modified","Value":"Tue, 13 Jan 2026 07:12:12 GMT"}],"EndpointProperties":[{"Name":"fingerprint","Value":"rboezg8h2r"},{"Name":"integrity","Value":"sha256-p3Xu8UU8t2NEysL/7+IE4G1QGgcDDF6fBjFhiveeIus="},{"Name":"label","Value":"css/site.css"}]},{"Route":"css/tablet.52dewudcli.css","AssetFile":"css/tablet.css","Selectors":[],"ResponseHeaders":[{"Name":"Cache-Control","Value":"max-age=31536000, immutable"},{"Name":"Content-Length","Value":"2469"},{"Name":"Content-Type","Value":"text/css"},{"Name":"ETag","Value":"\"nWHJN6j1NK0ho7DZVsJLubs9p81KQip7+GCehHkN9Qc=\""},{"Name":"Last-Modified","Value":"Thu, 08 Jan 2026 02:36:57 GMT"}],"EndpointProperties":[{"Name":"fingerprint","Value":"52dewudcli"},{"Name":"integrity","Value":"sha256-nWHJN6j1NK0ho7DZVsJLubs9p81KQip7+GCehHkN9Qc="},{"Name":"label","Value":"css/tablet.css"}]},{"Route":"css/tablet.css","AssetFile":"css/tablet.css","Selectors":[],"ResponseHeaders":[{"Name":"Cache-Control","Value":"no-cache"},{"Name":"Content-Length","Value":"2469"},{"Name":"Content-Type","Value":"text/css"},{"Name":"ETag","Value":"\"nWHJN6j1NK0ho7DZVsJLubs9p81KQip7+GCehHkN9Qc=\""},{"Name":"Last-Modified","Value":"Thu, 08 Jan 2026 02:36:57 GMT"}],"EndpointProperties":[{"Name":"integrity","Value":"sha256-nWHJN6j1NK0ho7DZVsJLubs9p81KQip7+GCehHkN9Qc="}]},{"Route":"favicon.61n19gt1b8.ico","AssetFile":"favicon.ico","Selectors":[],"ResponseHeaders":[{"Name":"Cache-Control","Value":"max-age=31536000, immutable"},{"Name":"Content-Length","Value":"5430"},{"Name":"Content-Type","Value":"image/x-icon"},{"Name":"ETag","Value":"\"Jtxf9L+5ITKRc1gIRl4VbUpGkRNfOBXjYTdhJD4facM=\""},{"Name":"Last-Modified","Value":"Tue, 06 Jan 2026 05:52:05 GMT"}],"EndpointProperties":[{"Name":"fingerprint","Value":"61n19gt1b8"},{"Name":"integrity","Value":"sha256-Jtxf9L+5ITKRc1gIRl4VbUpGkRNfOBXjYTdhJD4facM="},{"Name":"label","Value":"favicon.ico"}]},{"Route":"favicon.ico","AssetFile":"favicon.ico","Selectors":[],"ResponseHeaders":[{"Name":"Cache-Control","Value":"max-age=3600, must-revalidate"},{"Name":"Content-Length","Value":"5430"},{"Name":"Content-Type","Value":"image/x-icon"},{"Name":"ETag","Value":"\"Jtxf9L+5ITKRc1gIRl4VbUpGkRNfOBXjYTdhJD4facM=\""},{"Name":"Last-Modified","Value":"Tue, 06 Jan 2026 05:52:05 GMT"}],"EndpointProperties":[{"Name":"integrity","Value":"sha256-Jtxf9L+5ITKRc1gIRl4VbUpGkRNfOBXjYTdhJD4facM="}]},{"Route":"js/utils.5oogsmscqo.js","AssetFile":"js/utils.js","Selectors":[],"ResponseHeaders":[{"Name":"Cache-Control","Value":"max-age=31536000, immutable"},{"Name":"Content-Length","Value":"1135"},{"Name":"Content-Type","Value":"text/javascript"},{"Name":"ETag","Value":"\"5VQeKs04EmNncGX6v+w7k4xrqsoxKCwtcpiWpmiGha8=\""},{"Name":"Last-Modified","Value":"Thu, 15 Jan 2026 06:59:14 GMT"}],"EndpointProperties":[{"Name":"fingerprint","Value":"5oogsmscqo"},{"Name":"integrity","Value":"sha256-5VQeKs04EmNncGX6v+w7k4xrqsoxKCwtcpiWpmiGha8="},{"Name":"label","Value":"js/utils.js"}]},{"Route":"js/utils.js","AssetFile":"js/utils.js","Selectors":[],"ResponseHeaders":[{"Name":"Cache-Control","Value":"no-cache"},{"Name":"Content-Length","Value":"1135"},{"Name":"Content-Type","Value":"text/javascript"},{"Name":"ETag","Value":"\"5VQeKs04EmNncGX6v+w7k4xrqsoxKCwtcpiWpmiGha8=\""},{"Name":"Last-Modified","Value":"Thu, 15 Jan 2026 06:59:14 GMT"}],"EndpointProperties":[{"Name":"integrity","Value":"sha256-5VQeKs04EmNncGX6v+w7k4xrqsoxKCwtcpiWpmiGha8="}]}]}